{
  "min_packer_version": "0.12.0",
  "variables": {
    "aws_region": "us-east-1",
    "consul_version": "1.2.2",
    "download_url": "{{env `CONSUL_DOWNLOAD_URL`}}"
  },
  "builders": [{
    "name": "ubuntu16-ami",
    "ami_name": "consul-ubuntu-{{isotime | clean_ami_name}}-{{uuid}}",
    "ami_description": "An Ubuntu 16.04 AMI that has Consul installed.",
    "instance_type": "t2.micro",
    "region": "{{user `aws_region`}}",
    "type": "amazon-ebs",
    "source_ami_filter": {
      "filters": {
        "virtualization-type": "hvm",
        "architecture": "x86_64",
        "name": "*ubuntu-xenial-16.04-amd64-server-*",
        "block-device-mapping.volume-type": "gp2",
        "root-device-type": "ebs"
      },
      "owners": ["099720109477"],
      "most_recent": true
    },
    "ssh_username": "ubuntu"
  },{
    "name": "amazon-linux-2-ami",
    "ami_name": "consul-amazon-linux-2-{{isotime | clean_ami_name}}-{{uuid}}",
    "ami_description": "An Amazon Linux 2 AMI that has Consul installed.",
    "instance_type": "t2.micro",
    "region": "{{user `aws_region`}}",
    "type": "amazon-ebs",
    "source_ami_filter": {
      "filters": {
        "virtualization-type": "hvm",
        "architecture": "x86_64",
        "name": "*amzn2-ami-hvm-*-x86_64-gp2",
        "block-device-mapping.volume-type": "gp2",
        "root-device-type": "ebs"
      },
      "owners": ["amazon"],
      "most_recent": true
    },
    "ssh_username": "ec2-user"
  }],
  "provisioners": [{
    "type": "shell",
    "inline": ["mkdir -p /tmp/terraform-aws-consul/modules"]
  },{
    "type": "file",
    "source": "{{template_dir}}/../../modules/",
    "destination": "/tmp/terraform-aws-consul/modules",
    "pause_before": "30s"
  },{
    "type": "shell",
    "inline": [
      "if test -n \"{{user `download_url`}}\"; then",
      " /tmp/terraform-aws-consul/modules/install-consul/install-consul --download-url {{user `download_url`}};",
      "else",
      " /tmp/terraform-aws-consul/modules/install-consul/install-consul --version {{user `consul_version`}};",
      "fi",
      "/tmp/terraform-aws-consul/modules/install-dnsmasq/install-dnsmasq"
    ],
    "pause_before": "30s"
  }]
}
